{"assets/.DS_Store":["assets/.DS_Store"],"assets/0ss.png":["assets/0ss.png"],"assets/1ss.png":["assets/1ss.png"],"assets/2ss.png":["assets/2ss.png"],"assets/3ss.png":["assets/3ss.png"],"assets/4ss.png":["assets/4ss.png"],"assets/5ss.png":["assets/5ss.png"],"assets/6ss.png":["assets/6ss.png"],"assets/7ss.png":["assets/7ss.png"],"assets/8ss.png":["assets/8ss.png"],"assets/Animall/0.png":["assets/Animall/0.png"],"assets/Animall/1.jpg":["assets/Animall/1.jpg"],"assets/Animall/10.png":["assets/Animall/10.png"],"assets/Animall/11.png":["assets/Animall/11.png"],"assets/Animall/12.png":["assets/Animall/12.png"],"assets/Animall/13.png":["assets/Animall/13.png"],"assets/Animall/14.png":["assets/Animall/14.png"],"assets/Animall/15.jpg":["assets/Animall/15.jpg"],"assets/Animall/16.png":["assets/Animall/16.png"],"assets/Animall/17.jpg":["assets/Animall/17.jpg"],"assets/Animall/18.jpg":["assets/Animall/18.jpg"],"assets/Animall/19.png":["assets/Animall/19.png"],"assets/Animall/2.png":["assets/Animall/2.png"],"assets/Animall/20.png":["assets/Animall/20.png"],"assets/Animall/21.jpg":["assets/Animall/21.jpg"],"assets/Animall/22.png":["assets/Animall/22.png"],"assets/Animall/3.png":["assets/Animall/3.png"],"assets/Animall/4.png":["assets/Animall/4.png"],"assets/Animall/5.jpg":["assets/Animall/5.jpg"],"assets/Animall/6.jpg":["assets/Animall/6.jpg"],"assets/Animall/7.png":["assets/Animall/7.png"],"assets/Animall/8.jpg":["assets/Animall/8.jpg"],"assets/Animall/9.png":["assets/Animall/9.png"],"assets/Animall10.png":["assets/Animall10.png"],"assets/Animall11.png":["assets/Animall11.png"],"assets/Animall5.jpg":["assets/Animall5.jpg"],"assets/Animall6.jpg":["assets/Animall6.jpg"],"assets/Animall8.jpg":["assets/Animall8.jpg"],"assets/Animall9.png":["assets/Animall9.png"],"assets/Arabic_Language.png":["assets/Arabic_Language.png"],"assets/Arabic_Language2.png":["assets/Arabic_Language2.png"],"assets/Background.jpeg":["assets/Background.jpeg"],"assets/HowToUse/1.JPEG":["assets/HowToUse/1.JPEG"],"assets/HowToUse/1.jpg":["assets/HowToUse/1.jpg"],"assets/HowToUse/2.JPEG":["assets/HowToUse/2.JPEG"],"assets/HowToUse/2.jpg":["assets/HowToUse/2.jpg"],"assets/HowToUse/3.JPEG":["assets/HowToUse/3.JPEG"],"assets/HowToUse/3.jpg":["assets/HowToUse/3.jpg"],"assets/HowToUse/4.JPEG":["assets/HowToUse/4.JPEG"],"assets/HowToUse/4.jpg":["assets/HowToUse/4.jpg"],"assets/HowToUse/5.JPEG":["assets/HowToUse/5.JPEG"],"assets/HowToUse/5.jpg":["assets/HowToUse/5.jpg"],"assets/HowToUse/6.JPEG":["assets/HowToUse/6.JPEG"],"assets/HowToUse/7.JPEG":["assets/HowToUse/7.JPEG"],"assets/HowToUse/8.jpg":["assets/HowToUse/8.jpg"],"assets/Places/0.png":["assets/Places/0.png"],"assets/Places/Muzdalifah.png":["assets/Places/Muzdalifah.png"],"assets/Places/Supermarket.png":["assets/Places/Supermarket.png"],"assets/Places/Toilet-man.png":["assets/Places/Toilet-man.png"],"assets/Places/Toilet-w.png":["assets/Places/Toilet-w.png"],"assets/Places/mecca.jpg":["assets/Places/mecca.jpg"],"assets/Places/mina.png":["assets/Places/mina.png"],"assets/Places/shopping-center.png":["assets/Places/shopping-center.png"],"assets/Responsive Voice.png":["assets/Responsive Voice.png"],"assets/Sultan_Bin_Abdulaziz_Humanitarian_City.png":["assets/Sultan_Bin_Abdulaziz_Humanitarian_City.png"],"assets/Ta.png":["assets/Ta.png"],"assets/TanweenFathah.png":["assets/TanweenFathah.png"],"assets/Tanweenthammah.png":["assets/Tanweenthammah.png"],"assets/TightJeans.png":["assets/TightJeans.png"],"assets/ablution.png":["assets/ablution.png"],"assets/accept.png":["assets/accept.png"],"assets/actions/0.png":["assets/actions/0.png"],"assets/actions/1.png":["assets/actions/1.png"],"assets/actions/10.png":["assets/actions/10.png"],"assets/actions/11.png":["assets/actions/11.png"],"assets/actions/12.png":["assets/actions/12.png"],"assets/actions/13.png":["assets/actions/13.png"],"assets/actions/2.png":["assets/actions/2.png"],"assets/actions/3.jpg":["assets/actions/3.jpg"],"assets/actions/4.png":["assets/actions/4.png"],"assets/actions/5.png":["assets/actions/5.png"],"assets/actions/6.jpg":["assets/actions/6.jpg"],"assets/actions/7.png":["assets/actions/7.png"],"assets/actions/8.png":["assets/actions/8.png"],"assets/actions/9.png":["assets/actions/9.png"],"assets/add.png":["assets/add.png"],"assets/adult.png":["assets/adult.png"],"assets/affection.png":["assets/affection.png"],"assets/age-group.png":["assets/age-group.png"],"assets/ambulance.png":["assets/ambulance.png"],"assets/angry.png":["assets/angry.png"],"assets/animals.png":["assets/animals.png"],"assets/appointment.png":["assets/appointment.png"],"assets/arm.png":["assets/arm.png"],"assets/arrange.png":["assets/arrange.png"],"assets/awake.png":["assets/awake.png"],"assets/baby-boy.png":["assets/baby-boy.png"],"assets/baby.png":["assets/baby.png"],"assets/backpack.png":["assets/backpack.png"],"assets/bear.jpg":["assets/bear.jpg"],"assets/bear.png":["assets/bear.png"],"assets/bedroom.png":["assets/bedroom.png"],"assets/bell.png":["assets/bell.png"],"assets/between.png":["assets/between.png"],"assets/bill.png":["assets/bill.png"],"assets/blocked.gif":["assets/blocked.gif"],"assets/body/0.png":["assets/body/0.png"],"assets/body/1.png":["assets/body/1.png"],"assets/body/2.png":["assets/body/2.png"],"assets/body/3.png":["assets/body/3.png"],"assets/body/4.png":["assets/body/4.png"],"assets/body/5.png":["assets/body/5.png"],"assets/body/6.png":["assets/body/6.png"],"assets/body/7.png":["assets/body/7.png"],"assets/body/8.png":["assets/body/8.png"],"assets/book.png":["assets/book.png"],"assets/bored.png":["assets/bored.png"],"assets/branch.png":["assets/branch.png"],"assets/bring-to-front.png":["assets/bring-to-front.png"],"assets/brother.png":["assets/brother.png"],"assets/budget.png":["assets/budget.png"],"assets/butterfly.png":["assets/butterfly.png"],"assets/button (1).png":["assets/button (1).png"],"assets/button.png":["assets/button.png"],"assets/calculator.png":["assets/calculator.png"],"assets/camel.png":["assets/camel.png"],"assets/cancel.png":["assets/cancel.png"],"assets/careers/0.png":["assets/careers/0.png"],"assets/careers/1.jpg":["assets/careers/1.jpg"],"assets/careers/10.png":["assets/careers/10.png"],"assets/careers/11.png":["assets/careers/11.png"],"assets/careers/2.jpg":["assets/careers/2.jpg"],"assets/careers/3.png":["assets/careers/3.png"],"assets/careers/4.png":["assets/careers/4.png"],"assets/careers/5.png":["assets/careers/5.png"],"assets/careers/6.png":["assets/careers/6.png"],"assets/careers/7.png":["assets/careers/7.png"],"assets/careers/8.jpg":["assets/careers/8.jpg"],"assets/careers/9.png":["assets/careers/9.png"],"assets/cat.png":["assets/cat.png"],"assets/change.png":["assets/change.png"],"assets/choice.png":["assets/choice.png"],"assets/circle.png":["assets/circle.png"],"assets/clinic.png":["assets/clinic.png"],"assets/clock.png":["assets/clock.png"],"assets/clothes.png":["assets/clothes.png"],"assets/clothes/0.png":["assets/clothes/0.png"],"assets/clothes/1-m.png":["assets/clothes/1-m.png"],"assets/clothes/2-m.png":["assets/clothes/2-m.png"],"assets/clothes/3-m.png":["assets/clothes/3-m.png"],"assets/clothes/9.png":["assets/clothes/9.png"],"assets/clothes/Coat.png":["assets/clothes/Coat.png"],"assets/clothes/Pack.png":["assets/clothes/Pack.png"],"assets/clothes/Scarf.png":["assets/clothes/Scarf.png"],"assets/clothes/Shirt.png":["assets/clothes/Shirt.png"],"assets/clothes/abaya.png":["assets/clothes/abaya.png"],"assets/clothes/cap.png":["assets/clothes/cap.png"],"assets/clothes/clothes-b_w-1.png":["assets/clothes/clothes-b_w-1.png"],"assets/clothes/clothes-m.png":["assets/clothes/clothes-m.png"],"assets/clothes/glass.png":["assets/clothes/glass.png"],"assets/clothes/shoes-m.png":["assets/clothes/shoes-m.png"],"assets/clothes/shorts.png":["assets/clothes/shorts.png"],"assets/clothes/skirt-m.png":["assets/clothes/skirt-m.png"],"assets/clothes/zipper.png":["assets/clothes/zipper.png"],"assets/clothing.png":["assets/clothing.png"],"assets/cold.png":["assets/cold.png"],"assets/colors-m/0.png":["assets/colors-m/0.png"],"assets/colors-m/1.png":["assets/colors-m/1.png"],"assets/colors-m/2.png":["assets/colors-m/2.png"],"assets/colors-m/3.png":["assets/colors-m/3.png"],"assets/colors-m/4.png":["assets/colors-m/4.png"],"assets/colors-m/5.png":["assets/colors-m/5.png"],"assets/colors-m/6.png":["assets/colors-m/6.png"],"assets/colors-m/7.png":["assets/colors-m/7.png"],"assets/colors.png":["assets/colors.png"],"assets/comma.png":["assets/comma.png"],"assets/comment-text.png":["assets/comment-text.png"],"assets/content.JPEG":["assets/content.JPEG"],"assets/couple.png":["assets/couple.png"],"assets/crying.png":["assets/crying.png"],"assets/css.png":["assets/css.png"],"assets/customer-service.png":["assets/customer-service.png"],"assets/customer-support.png":["assets/customer-support.png"],"assets/dia.png":["assets/dia.png"],"assets/dic.jpg":["assets/dic.jpg"],"assets/diff.png":["assets/diff.png"],"assets/direction (1).png":["assets/direction (1).png"],"assets/direction.png":["assets/direction.png"],"assets/dirty.png":["assets/dirty.png"],"assets/disabled.png":["assets/disabled.png"],"assets/divide.png":["assets/divide.png"],"assets/doctor.png":["assets/doctor.png"],"assets/dog.png":["assets/dog.png"],"assets/dot.png":["assets/dot.png"],"assets/down.png":["assets/down.png"],"assets/downstairs.png":["assets/downstairs.png"],"assets/dragonfly.png":["assets/dragonfly.png"],"assets/drawer.jpg":["assets/drawer.jpg"],"assets/ear.png":["assets/ear.png"],"assets/earings.png":["assets/earings.png"],"assets/east.png":["assets/east.png"],"assets/egg.png":["assets/egg.png"],"assets/eid-mubarak.png":["assets/eid-mubarak.png"],"assets/equal.png":["assets/equal.png"],"assets/eraser.png":["assets/eraser.png"],"assets/exchange.png":["assets/exchange.png"],"assets/exit-door.png":["assets/exit-door.png"],"assets/exit.png":["assets/exit.png"],"assets/expired.png":["assets/expired.png"],"assets/eye.png":["assets/eye.png"],"assets/f.jpeg":["assets/f.jpeg"],"assets/family.png":["assets/family.png"],"assets/family/0.jpg":["assets/family/0.jpg"],"assets/family/1.png":["assets/family/1.png"],"assets/family/10.png":["assets/family/10.png"],"assets/family/11.png":["assets/family/11.png"],"assets/family/12.png":["assets/family/12.png"],"assets/family/2.png":["assets/family/2.png"],"assets/family/3.png":["assets/family/3.png"],"assets/family/4.png":["assets/family/4.png"],"assets/family/5.png":["assets/family/5.png"],"assets/family/6.jpg":["assets/family/6.jpg"],"assets/family/7.png":["assets/family/7.png"],"assets/family/8.jpg":["assets/family/8.jpg"],"assets/family/9.png":["assets/family/9.png"],"assets/father.png":["assets/father.png"],"assets/fav.JPEG":["assets/fav.JPEG"],"assets/female.jpg":["assets/female.jpg"],"assets/fish.png":["assets/fish.png"],"assets/flight.png":["assets/flight.png"],"assets/food/fruits.png":["assets/food/fruits.png"],"assets/food/grape.png":["assets/food/grape.png"],"assets/food/hot-pepper.png":["assets/food/hot-pepper.png"],"assets/food/icecream.jpg":["assets/food/icecream.jpg"],"assets/food/ki.png":["assets/food/ki.png"],"assets/food/lettuce.jpg":["assets/food/lettuce.jpg"],"assets/food/lunch.jpg":["assets/food/lunch.jpg"],"assets/food/mango.jpg":["assets/food/mango.jpg"],"assets/food/milk.png":["assets/food/milk.png"],"assets/food/mint.png":["assets/food/mint.png"],"assets/food/mushroom.jpg":["assets/food/mushroom.jpg"],"assets/food/pear.png":["assets/food/pear.png"],"assets/food/pizza.png":["assets/food/pizza.png"],"assets/food/potatoes.jpg":["assets/food/potatoes.jpg"],"assets/food/pumpkin.png":["assets/food/pumpkin.png"],"assets/food/strawbrry.png":["assets/food/strawbrry.png"],"assets/food/tomato.png":["assets/food/tomato.png"],"assets/food/veg.png":["assets/food/veg.png"],"assets/foot.png":["assets/foot.png"],"assets/four-square.png":["assets/four-square.png"],"assets/front.jpg":["assets/front.jpg"],"assets/gate.png":["assets/gate.png"],"assets/getDressed.png":["assets/getDressed.png"],"assets/gift.png":["assets/gift.png"],"assets/glasses.png":["assets/glasses.png"],"assets/goodbye.png":["assets/goodbye.png"],"assets/hair.png":["assets/hair.png"],"assets/half.png":["assets/half.png"],"assets/hand.png":["assets/hand.png"],"assets/hands.png":["assets/hands.png"],"assets/happiness.png":["assets/happiness.png"],"assets/heat.png":["assets/heat.png"],"assets/hello (1).png":["assets/hello (1).png"],"assets/hello (2).png":["assets/hello (2).png"],"assets/hello.png":["assets/hello.png"],"assets/hen.png":["assets/hen.png"],"assets/home-delivery.png":["assets/home-delivery.png"],"assets/home.png":["assets/home.png"],"assets/homework.png":["assets/homework.png"],"assets/hospital.png":["assets/hospital.png"],"assets/house.png":["assets/house.png"],"assets/how-much.png":["assets/how-much.png"],"assets/human-brian.png":["assets/human-brian.png"],"assets/hypothesis.png":["assets/hypothesis.png"],"assets/inflation.png":["assets/inflation.png"],"assets/injury.png":["assets/injury.png"],"assets/introduction.png":["assets/introduction.png"],"assets/islamic.png":["assets/islamic.png"],"assets/itd-logo.png":["assets/itd-logo.png"],"assets/job (1).png":["assets/job (1).png"],"assets/k.jpeg":["assets/k.jpeg"],"assets/kaaba.png":["assets/kaaba.png"],"assets/key-chain.png":["assets/key-chain.png"],"assets/kitchen.png":["assets/kitchen.png"],"assets/laugh.png":["assets/laugh.png"],"assets/laughter.png":["assets/laughter.png"],"assets/left.png":["assets/left.png"],"assets/lib.JPEG":["assets/lib.JPEG"],"assets/library (1).png":["assets/library (1).png"],"assets/lightbulb (1).png":["assets/lightbulb (1).png"],"assets/lightbulb.png":["assets/lightbulb.png"],"assets/location.png":["assets/location.png"],"assets/logo.png":["assets/logo.png"],"assets/loose.png":["assets/loose.png"],"assets/manufacturing.png":["assets/manufacturing.png"],"assets/math.png":["assets/math.png"],"assets/medicine.png":["assets/medicine.png"],"assets/menu.png":["assets/menu.png"],"assets/minus.png":["assets/minus.png"],"assets/mobile-payment.png":["assets/mobile-payment.png"],"assets/money (1).png":["assets/money (1).png"],"assets/money.png":["assets/money.png"],"assets/mother.png":["assets/mother.png"],"assets/muscle-pain.png":["assets/muscle-pain.png"],"assets/name.png":["assets/name.png"],"assets/nose.png":["assets/nose.png"],"assets/not.mp3":["assets/not.mp3"],"assets/note.png":["assets/note.png"],"assets/note1.wav":["assets/note1.wav"],"assets/notification2.wav":["assets/notification2.wav"],"assets/notification3.wav":["assets/notification3.wav"],"assets/numbers.png":["assets/numbers.png"],"assets/on.png":["assets/on.png"],"assets/oppisite.png":["assets/oppisite.png"],"assets/out.png":["assets/out.png"],"assets/outside.png":["assets/outside.png"],"assets/oval.png":["assets/oval.png"],"assets/pain.png":["assets/pain.png"],"assets/paper.png":["assets/paper.png"],"assets/part.png":["assets/part.png"],"assets/payment-method.png":["assets/payment-method.png"],"assets/pen.png":["assets/pen.png"],"assets/pencil.png":["assets/pencil.png"],"assets/pepole.png":["assets/pepole.png"],"assets/phone-call.png":["assets/phone-call.png"],"assets/pincelCase.png":["assets/pincelCase.png"],"assets/place.png":["assets/place.png"],"assets/plane-ticket.png":["assets/plane-ticket.png"],"assets/positive-vote.png":["assets/positive-vote.png"],"assets/postions.png":["assets/postions.png"],"assets/pray.png":["assets/pray.png"],"assets/prayer.png":["assets/prayer.png"],"assets/predictionFiles/.DS_Store":["assets/predictionFiles/.DS_Store"],"assets/predictionFiles/4gram.txt":["assets/predictionFiles/4gram.txt"],"assets/predictionFiles/bigramData.txt":["assets/predictionFiles/bigramData.txt"],"assets/predictionFiles/oneWord.txt":["assets/predictionFiles/oneWord.txt"],"assets/predictionFiles/trigramData.txt":["assets/predictionFiles/trigramData.txt"],"assets/problem (1).png":["assets/problem (1).png"],"assets/profile.jpg":["assets/profile.jpg"],"assets/profile1.png":["assets/profile1.png"],"assets/public-toilet.png":["assets/public-toilet.png"],"assets/qibla.png":["assets/qibla.png"],"assets/question.png":["assets/question.png"],"assets/ramadan.png":["assets/ramadan.png"],"assets/ramp (1).png":["assets/ramp (1).png"],"assets/ramp.png":["assets/ramp.png"],"assets/reading-book.jpeg":["assets/reading-book.jpeg"],"assets/rectangle1.png":["assets/rectangle1.png"],"assets/remove.png":["assets/remove.png"],"assets/requirement.png":["assets/requirement.png"],"assets/restaurant (1).png":["assets/restaurant (1).png"],"assets/right.png":["assets/right.png"],"assets/ruler.png":["assets/ruler.png"],"assets/sale.png":["assets/sale.png"],"assets/same.png":["assets/same.png"],"assets/scale.png":["assets/scale.png"],"assets/school-bus.png":["assets/school-bus.png"],"assets/school.png":["assets/school.png"],"assets/seat.png":["assets/seat.png"],"assets/secretary (1).png":["assets/secretary (1).png"],"assets/sentence.png":["assets/sentence.png"],"assets/shaddah.png":["assets/shaddah.png"],"assets/shalat.png":["assets/shalat.png"],"assets/shapes.png":["assets/shapes.png"],"assets/sheep.png":["assets/sheep.png"],"assets/shoe.png":["assets/shoe.png"],"assets/sicssor.png":["assets/sicssor.png"],"assets/sister.png":["assets/sister.png"],"assets/skill.png":["assets/skill.png"],"assets/skoon.png":["assets/skoon.png"],"assets/sleep.png":["assets/sleep.png"],"assets/small.png":["assets/small.png"],"assets/smartphone.png":["assets/smartphone.png"],"assets/smell.png":["assets/smell.png"],"assets/sneakers.png":["assets/sneakers.png"],"assets/socks.png":["assets/socks.png"],"assets/solidarity.jpeg":["assets/solidarity.jpeg"],"assets/son.png":["assets/son.png"],"assets/speaking.JPEG":["assets/speaking.JPEG"],"assets/speaking.png":["assets/speaking.png"],"assets/square.png":["assets/square.png"],"assets/stand.png":["assets/stand.png"],"assets/stapler.png":["assets/stapler.png"],"assets/star.png":["assets/star.png"],"assets/stickers.png":["assets/stickers.png"],"assets/strong.png":["assets/strong.png"],"assets/sum.png":["assets/sum.png"],"assets/tag.png":["assets/tag.png"],"assets/tasty.png":["assets/tasty.png"],"assets/thammah.png":["assets/thammah.png"],"assets/tick.png":["assets/tick.png"],"assets/tissue.png":["assets/tissue.png"],"assets/tongue.png":["assets/tongue.png"],"assets/tools/0.jpg":["assets/tools/0.jpg"],"assets/tools/1.jpg":["assets/tools/1.jpg"],"assets/tools/1.png":["assets/tools/1.png"],"assets/tools/10.png":["assets/tools/10.png"],"assets/tools/11.png":["assets/tools/11.png"],"assets/tools/12.png":["assets/tools/12.png"],"assets/tools/13.jpg":["assets/tools/13.jpg"],"assets/tools/14.png":["assets/tools/14.png"],"assets/tools/16.png":["assets/tools/16.png"],"assets/tools/17.png":["assets/tools/17.png"],"assets/tools/18.png":["assets/tools/18.png"],"assets/tools/19.png":["assets/tools/19.png"],"assets/tools/2.png":["assets/tools/2.png"],"assets/tools/20.png":["assets/tools/20.png"],"assets/tools/3.png":["assets/tools/3.png"],"assets/tools/4.png":["assets/tools/4.png"],"assets/tools/5.png":["assets/tools/5.png"],"assets/tools/6.png":["assets/tools/6.png"],"assets/tools/7.png":["assets/tools/7.png"],"assets/tools/8.png":["assets/tools/8.png"],"assets/tools/9.png":["assets/tools/9.png"],"assets/transportation/0.png":["assets/transportation/0.png"],"assets/transportation/1.png":["assets/transportation/1.png"],"assets/transportation/10.png":["assets/transportation/10.png"],"assets/transportation/11.png":["assets/transportation/11.png"],"assets/transportation/12.png":["assets/transportation/12.png"],"assets/transportation/2.png":["assets/transportation/2.png"],"assets/transportation/3.png":["assets/transportation/3.png"],"assets/transportation/4.png":["assets/transportation/4.png"],"assets/transportation/5.png":["assets/transportation/5.png"],"assets/transportation/6.png":["assets/transportation/6.png"],"assets/transportation/7.png":["assets/transportation/7.png"],"assets/transportation/8.png":["assets/transportation/8.png"],"assets/transportation/9.png":["assets/transportation/9.png"],"assets/travel-bag.png":["assets/travel-bag.png"],"assets/tringle.png":["assets/tringle.png"],"assets/turtle.png":["assets/turtle.png"],"assets/twasal.png":["assets/twasal.png"],"assets/twitter.png":["assets/twitter.png"],"assets/two-square.png":["assets/two-square.png"],"assets/underwear.png":["assets/underwear.png"],"assets/unzip.png":["assets/unzip.png"],"assets/upstairs.png":["assets/upstairs.png"],"assets/vegetable.png":["assets/vegetable.png"],"assets/verifyemail.gif":["assets/verifyemail.gif"],"assets/w.png":["assets/w.png"],"assets/wallet.png":["assets/wallet.png"],"assets/warning.png":["assets/warning.png"],"assets/wasp.png":["assets/wasp.png"],"assets/watch.png":["assets/watch.png"],"assets/waving-hand.png":["assets/waving-hand.png"],"assets/wc (1).png":["assets/wc (1).png"],"assets/wc (2).png":["assets/wc (2).png"],"assets/welcome-back.png":["assets/welcome-back.png"],"assets/west.png":["assets/west.png"],"assets/wetpants.png":["assets/wetpants.png"],"assets/wheelchair (1).png":["assets/wheelchair (1).png"],"assets/wheelchair.jpg":["assets/wheelchair.jpg"],"assets/working-time.png":["assets/working-time.png"],"assets/working.png":["assets/working.png"],"assets/worship/٣.jpg":["assets/worship/٣.jpg"],"assets/worship/0.png":["assets/worship/0.png"],"assets/worship/1.png":["assets/worship/1.png"],"assets/worship/10.png":["assets/worship/10.png"],"assets/worship/11.png":["assets/worship/11.png"],"assets/worship/12.png":["assets/worship/12.png"],"assets/worship/13.png":["assets/worship/13.png"],"assets/worship/2.png":["assets/worship/2.png"],"assets/worship/4.png":["assets/worship/4.png"],"assets/worship/5.jpg":["assets/worship/5.jpg"],"assets/worship/6.jpg":["assets/worship/6.jpg"],"assets/worship/7.png":["assets/worship/7.png"],"assets/worship/77.png":["assets/worship/77.png"],"assets/worship/8.png":["assets/worship/8.png"],"assets/worship/9.png":["assets/worship/9.png"],"assets/wudhu.png":["assets/wudhu.png"],"assets/wudu.png":["assets/wudu.png"],"assets/yes.png":["assets/yes.png"],"assets/zipper.png":["assets/zipper.png"],"packages/cupertino_icons/assets/CupertinoIcons.ttf":["packages/cupertino_icons/assets/CupertinoIcons.ttf"]}